codigo;natureza
1101;Compra para industrialização
1102;Compra para comercialização
1111;Compra para industrialização de mercador
1113;Compra para comercialização, de mercador
1116;Compra para industrialização originada d
1118;Compra de mercadoria para comercializaçã
1120;Compra para industrialização, em venda à
1121;Compra para comercialização, em venda à
1122;Compra para industrialização em que a me
1124;Industrialização efetuada por outra empr
1125;Industrialização efetuada por outra empr
1117;Compra para comercialização originada de
1126;Compra para utilização na prestação de s
1151;Transferência para industrialização
1152;Transferência para comercialização
1153;Transferência de energia elétrica para d
1154;Transferência para utilização na prestaç
1201;Devolução de venda de produção do estabe
1202;Devolução de venda de mercadoria adquiri
1203;Devolução de venda de produção do estabe
1204;Devolução de venda de mercadoria adquiri
1205;Anulação de valor relativo à prestação d
1206;Anulação de valor relativo à prestação d
1207;Anulação de valor relativo à venda de en
1208;Devolução de produção do estabelecimento
1209;Devolução de mercadoria adquirida ou rec
1251;Compra de energia elétrica para distribu
1252;Compra de energia elétrica por estabelec
1253;Compra de energia elétrica por estabelec
1254;Compra de energia elétrica por estabelec
1255;Compra de energia elétrica por estabelec
1256;Compra de energia elétrica por estabelec
1257;Compra de energia elétrica para consumo
1301;Aquisição de serviço de comunicação para
1302;Aquisição de serviço de comunicação por
1303;Aquisição de serviço de comunicação por
1304;Aquisição de serviço de comunicação por
1305;Aquisição de serviço de comunicação por
1306;Aquisição de serviço de comunicação por
1351;Aquisição de serviço de transporte para
1352;Aquisição de serviço de transporte por e
1353;Aquisição de serviço de transporte por e
1354;Aquisição de serviço de transporte por e
1355;Aquisição de serviço de transporte por e
1356;Aquisição de serviço de transporte por e
1401;Compra para industrialização em operação
1403;Compra para comercialização em operação
1406;Compra de bem para o ativo imobilizado c
1407;Compra de mercadoria para uso ou consumo
1408;Transferência para industrialização em o
1409;Transferência para comercialização em op
1410;Devolução de venda de produção do estabe
1411;Devolução de venda de mercadoria adquiri
1414;Retorno de produção do estabelecimento,
1415;Retorno de mercadoria adquirida ou receb
1451;Retorno de animal do estabelecimento pro
1452;Retorno de insumo não utilizado na produ
1501;Entrada de mercadoria recebida com fim e
1503;Entrada decorrente de devolução de produ
1504;Entrada decorrente de devolução de merca
1551;Compra de bem para o ativo imobilizado
1552;Transferência de bem do ativo imobilizad
1553;Devolução de venda de bem do ativo imobi
1554;Retorno de bem do ativo imobilizado reme
1555;Entrada de bem do ativo imobilizado de t
1556;Compra de material para uso ou consumo
1557;Transferência de material para uso ou co
1601;Recebimento, por transferência, de crédi
1602;Recebimento, por transferência, de saldo
1603;Ressarcimento de ICMS retido por substit
1604;Lançamento do crédito relativo à compra
1605;Recebimento, por transferência, de saldo
1651;Compra de combustível ou lubrificante pa
1652;Compra de combustível ou lubrificante pa
1653;Compra de combustível ou lubrificante po
1658;Transferência de combustível e lubrifica
1659;Transferência de combustível e lubrifica
1660;Devolução de venda de combustível ou lub
1661;Devolução de venda de combustível ou lub
1662;Devolução de venda de combustível ou lub
1663;Entrada de combustível ou lubrificante p
1664;Retorno de combustível ou lubrificante r
1901;Entrada para industrialização por encome
1902;Retorno de mercadoria remetida para indu
1903;Entrada de mercadoria remetida para indu
1904;Retorno de remessa para venda fora do es
1905;Entrada de mercadoria recebida para depó
1906;Retorno de mercadoria remetida para depó
1907;Retorno simbólico de mercadoria remetida
1908;Entrada de bem por conta de contrato de
1909;Retorno de bem remetido por conta de con
1910;Entrada de bonificação, doação ou brinde
1911;Entrada de amostra grátis
1912;Entrada de mercadoria ou bem recebido pa
1913;Retorno de mercadoria ou bem remetido pa
1914;Retorno de mercadoria ou bem remetido pa
1915;Entrada de mercadoria ou bem recebido pa
1916;Retorno de mercadoria ou bem remetido pa
1917;Entrada de mercadoria recebida em consig
1918;Devolução de mercadoria remetida em cons
1919;Devolução simbólica de mercadoria vendid
1920;Entrada de vasilhame ou sacaria
1921;Retorno de vasilhame ou sacaria
1922;Lançamento efetuado a título de simples
1923;Entrada de mercadoria recebida do vended
1924;Entrada para industrialização por conta
1925;Retorno de mercadoria remetida para indu
1926;Lançamento efetuado a título de reclassi
1932;Aquisição de serviço de transporte inici
1933;Aquisição de serviço tributado pelo ISSQ
1949;Outra entrada de mercadoria ou prestação
2000;ENTRADAS OU AQUISIÇÕES DE SERVIÇOS DE OU
2101;Compra para industrialização
2102;Compra para comercialização
2111;Compra para industrialização de mercador
2113;Compra para comercialização, de mercador
2116;Compra para industrialização originada d
2117;Compra para comercialização originada de
2118;Compra de mercadoria para comercializaçã
2120;Compra para industrialização, em venda à
2121;Compra para comercialização, em venda à
2122;Compra para industrialização em que a me
2124;Industrialização efetuada por outra empr
2125;Industrialização efetuada por outra empr
2126;Compra para utilização na prestação de s
2151;Transferência para industrialização
2152;Transferência para comercialização
2153;Transferência de energia elétrica para d
2154;Transferência para utilização na prestaç
2201;Devolução de venda de produção do estabe
2202;Devolução de venda de mercadoria adquiri
2203;Devolução de venda de produção do estabe
2204;Devolução de venda de mercadoria adquiri
2205;Anulação de valor relativo à prestação d
2206;Anulação de valor relativo à prestação d
2207;Anulação de valor relativo à venda de en
2208;Devolução de produção do estabelecimento
2209;Devolução de mercadoria adquirida ou rec
2251;Compra de energia elétrica para distribu
2252;Compra de energia elétrica por estabelec
2253;Compra de energia elétrica por estabelec
2254;Compra de energia elétrica por estabelec
2255;Compra de energia elétrica por estabelec
2256;Compra de energia elétrica por estabelec
2257;Compra de energia elétrica para consumo
2301;Aquisição de serviço de comunicação para
2302;Aquisição de serviço de comunicação por
2303;Aquisição de serviço de comunicação por
2304;Aquisição de serviço de comunicação por
2305;Aquisição de serviço de comunicação por
2306;Aquisição de serviço de comunicação por
2351;Aquisição de serviço de transporte para
2352;Aquisição de serviço de transporte por e
2353;Aquisição de serviço de transporte por e
2354;Aquisição de serviço de transporte por e
2355;Aquisição de serviço de transporte por e
2356;Aquisição de serviço de transporte por e
2401;Compra para industrialização em operação
2403;Compra para comercialização em operação
2406;Compra de bem para o ativo imobilizado c
2407;Compra de mercadoria para uso ou consumo
2408;Transferência para industrialização em o
2409;Transferência para comercialização em op
2410;Devolução de venda de produção do estabe
2411;Devolução de venda de mercadoria adquiri
2414;Retorno de produção do estabelecimento,
2415;Retorno de mercadoria adquirida ou receb
2501;Entrada de mercadoria recebida com fim e
2503;Entrada decorrente de devolução de produ
2504;Entrada decorrente de devolução de merca
2551;Compra de bem para o ativo imobilizado
2552;Transferência de bem do ativo imobilizad
2553;Devolução de venda de bem do ativo imobi
2554;Retorno de bem do ativo imobilizado reme
2555;Entrada de bem do ativo imobilizado de t
2556;Compra de material para uso ou consumo
2557;Transferência de material para uso ou co
2603;Ressarcimento de ICMS retido por substit
2651;Compra de combustível ou lubrificante pa
2652;Compra de combustível ou lubrificante pa
2653;Compra de combustível ou lubrificante po
2658;Transferência de combustível e lubrifica
2659;Transferência de combustível e lubrifica
2660;Devolução de venda de combustível ou lub
2661;Devolução de venda de combustível ou lub
2662;Devolução de venda de combustível ou lub
2663;Entrada de combustível ou lubrificante p
2664;Retorno de combustível ou lubrificante r
2901;Entrada para industrialização por encome
2902;Retorno de mercadoria remetida para indu
2903;Entrada de mercadoria remetida para indu
2904;Retorno de remessa para venda fora do es
2905;Entrada de mercadoria recebida para depó
2906;Retorno de mercadoria remetida para depó
2907;Retorno simbólico de mercadoria remetida
2908;Entrada de bem por conta de contrato de
2909;Retorno de bem remetido por conta de con
2910;Entrada de bonificação, doação ou brinde
2911;Entrada de amostra grátis
2912;Entrada de mercadoria ou bem recebido pa
2913;Retorno de mercadoria ou bem remetido pa
2914;Retorno de mercadoria ou bem remetido pa
2915;Entrada de mercadoria ou bem recebido pa
2916;Retorno de mercadoria ou bem remetido pa
2917;Entrada de mercadoria recebida em consig
2918;Devolução de mercadoria remetida em cons
2919;Devolução simbólica de mercadoria vendid
2920;Entrada de vasilhame ou sacaria
2921;Retorno de vasilhame ou sacaria
2922;Lançamento efetuado a título de simples
2923;Entrada de mercadoria recebida do vended
2924;Entrada para industrialização por conta
2925;Retorno de mercadoria remetida para indu
2932;Aquisição de serviço de transporte inici
2933;Aquisição de serviço tributado pelo ISSQ
2949;Outra entrada de mercadoria ou prestação
3000;ENTRADAS OU AQUISIÇÕES DE SERVIÇOS DO EX
3101;Compra para industrialização
3102;Compra para comercialização
3126;Compra para utilização na prestação de s
3127;Compra para industrialização sob o regim
3201;Devolução de venda de produção do estabe
3202;Devolução de venda de mercadoria adquiri
3205;Anulação de valor relativo à prestação d
3206;Anulação de valor relativo à prestação d
3207;Anulação de valor relativo à venda de en
3211;Devolução de venda de produção do estabe
3251;Compra de energia elétrica para distribu
3301;Aquisição de serviço de comunicação para
3351;Aquisição de serviço de transporte para
3352;Aquisição de serviço de transporte por e
3353;Aquisição de serviço de transporte por e
3354;Aquisição de serviço de transporte por e
3355;Aquisição de serviço de transporte por e
3356;Aquisição de serviço de transporte por e
3503;Devolução de mercadoria exportada que te
3551;Compra de bem para o ativo imobilizado
3553;Devolução de venda de bem do ativo imobi
3556;Compra de material para uso ou consumo
3651;Compra de combustível ou lubrificante pa
3652;Compra de combustível ou lubrificante pa
3653;Compra de combustível ou lubrificante po
3930;Lançamento efetuado a título de entrada
3949;Outra entrada de mercadoria ou prestação
5000;SAÍDAS OU PRESTAÇÕES DE SERVIÇOS PARA O
5101;Venda de produção do estabelecimento
5102;Venda de mercadoria adquirida ou recebid
5103;Venda de produção do estabelecimento, ef
5104;Venda de mercadoria adquirida ou recebid
5105;Venda de produção do estabelecimento que
5106;Venda de mercadoria adquirida ou recebid
5109;Venda de produção do estabelecimento, de
5110;Venda de mercadoria adquirida ou recebid
5111;Venda de produção do estabelecimento rem
5112;Venda de mercadoria adquirida ou recebid
5113;Venda de produção do estabelecimento rem
5114;Venda de mercadoria adquirida ou recebid
5115;Venda de mercadoria adquirida ou recebid
5116;Venda de produção do estabelecimento ori
5117;Venda de mercadoria adquirida ou recebid
5118;Venda de produção do estabelecimento ent
5119;Venda de mercadoria adquirida ou recebid
5120;Venda de mercadoria adquirida ou recebid
5122;Venda de produção do estabelecimento rem
5123;Venda de mercadoria adquirida ou recebid
5124;Industrialização efetuada para outra emp
5125;Industrialização efetuada para outra emp
5151;Transferência de produção do estabelecim
5152;Transferência de mercadoria adquirida ou
5153;Transferência de energia elétrica
5155;Transferência de produção do estabelecim
5156;Transferência de mercadoria adquirida ou
5201;Devolução de compra para industrializaçã
5202;Devolução de compra para comercialização
5205;Anulação de valor relativo a aquisição d
5206;Anulação de valor relativo a aquisição d
5207;Anulação de valor relativo à compra de e
5208;Devolução de mercadoria recebida em tran
5209;Devolução de mercadoria recebida em tran
5210;Devolução de compra para utilização na p
5251;Venda de energia elétrica para distribui
5252;Venda de energia elétrica para estabelec
5253;Venda de energia elétrica para estabelec
5254;Venda de energia elétrica para estabelec
5255;Venda de energia elétrica para estabelec
5256;Venda de energia elétrica para estabelec
5257;Venda de energia elétrica para consumo p
5258;Venda de energia elétrica a não contribu
5301;Prestação de serviço de comunicação para
5302;Prestação de serviço de comunicação a es
5303;Prestação de serviço de comunicação a es
5304;Prestação de serviço de comunicação a es
5305;Prestação de serviço de comunicação a es
5306;Prestação de serviço de comunicação a es
5307;Prestação de serviço de comunicação a nã
5351;Prestação de serviço de transporte para
5352;Prestação de serviço de transporte a est
5353;Prestação de serviço de transporte a est
5354;Prestação de serviço de transporte a est
5355;Prestação de serviço de transporte a est
5356;Prestação de serviço de transporte a est
5357;Prestação de serviço de transporte a não
5359;Prestação de serviço de transporte a con
5401;Venda de produção do estabelecimento em
5402;Venda de produção do estabelecimento de
5403;Venda de mercadoria adquirida ou recebid
5405;Venda de mercadoria adquirida ou recebid
5408;Transferência de produção do estabelecim
5409;Transferência de mercadoria adquirida ou
5410;Devolução de compra para industrializaçã
5411;Devolução de compra para comercialização
5412;Devolução de bem do ativo imobilizado, e
5413;Devolução de mercadoria destinada ao uso
5414;Remessa de produção do estabelecimento p
5415;Remessa de mercadoria adquirida ou receb
5451;Remessa de animal e de insumo para estab
5501;Remessa de produção do estabelecimento,
5502;Remessa de mercadoria adquirida ou receb
5503;Devolução de mercadoria recebida com fim
5551;Venda de bem do ativo imobilizado
5552;Transferência de bem do ativo imobilizad
5553;Devolução de compra de bem para o ativo
5554;Remessa de bem do ativo imobilizado para
5555;Devolução de bem do ativo imobilizado de
5556;Devolução de compra de material de uso o
5557;Transferência de material de uso ou cons
5601;Transferência de crédito de ICMS acumula
5602;Transferência de saldo credor de ICMS pa
5603;Ressarcimento de ICMS retido por substit
5605;Transferência de saldo devedor de ICMS d
5651;Venda de combustível ou lubrificante de
5652;Venda de combustível ou lubrificante de
5653;Venda de combustível ou lubrificante de
5654;Venda de combustível ou lubrificante adq
5655;Venda de combustível ou lubrificante adq
5657;Remessa de combustível ou lubrificante a
5658;Transferência de combustível ou lubrific
5659;Transferência de combustível ou lubrific
5660;Devolução de compra de combustível ou lu
5661;Devolução de compra de combustível ou lu
5662;Devolução de compra de combustível ou lu
5663;Remessa para armazenagem de combustível
5664;Retorno de combustível ou lubrificante r
5665;Retorno simbólico de combustível ou lubr
5656;Venda de combustível ou lubrificante adq
5901;Remessa para industrialização por encome
5903;Retorno de mercadoria recebida para indu
5904;Remessa para venda fora do estabelecimen
5905;Remessa para depósito fechado ou armazém
5906;Retorno de mercadoria depositada em depó
5907;Retorno simbólico de mercadoria deposita
5908;Remessa de bem por conta de contrato de
5909;Retorno de bem recebido por conta de con
5910;Remessa em bonificação, doação ou brinde
5911;Remessa de amostra grátis
5912;Remessa de mercadoria ou bem para demons
5913;Retorno de mercadoria ou bem recebido pa
5914;Remessa de mercadoria ou bem para exposi
5666;Remessa por conta e ordem de terceiros d
5915;Remessa de mercadoria ou bem para conser
5916;Retorno de mercadoria ou bem recebido pa
5917;Remessa de mercadoria em consignação mer
5918;Devolução de mercadoria recebida em cons
5919;Devolução simbólica de mercadoria vendid
5920;Remessa de vasilhame ou sacaria
5921;Devolução de vasilhame ou sacaria
5922;Lançamento efetuado a título de simples
5923;Remessa de mercadoria por conta e ordem
5924;Remessa para industrialização por conta
5925;Retorno de mercadoria recebida para indu
5926;Lançamento efetuado a título de reclassi
5927;Lançamento efetuado a título de baixa de
5928;Lançamento efetuado a título de baixa de
5929;Lançamento efetuado em decorrência de em
5932;Prestação de serviço de transporte inici
5933;Prestação de serviço tributado pelo ISSQ
5949;Outra saída de mercadoria ou prestação d
6000;SAÍDAS OU PRESTAÇÕES DE SERVIÇOS PARA OU
6101;Venda de produção do estabelecimento
6102;Venda de mercadoria adquirida ou recebid
6103;Venda de produção do estabelecimento, ef
6104;Venda de mercadoria adquirida ou recebid
6105;Venda de produção do estabelecimento que
6106;Venda de mercadoria adquirida ou recebid
6107;Venda de produção do estabelecimento, de
6108;Venda de mercadoria adquirida ou recebid
6109;Venda de produção do estabelecimento, de
6110;Venda de mercadoria adquirida ou recebid
6111;Venda de produção do estabelecimento rem
6112;Venda de mercadoria adquirida ou recebid
6113;Venda de produção do estabelecimento rem
6114;Venda de mercadoria adquirida ou recebid
6115;Venda de mercadoria adquirida ou recebid
6116;Venda de produção do estabelecimento ori
6117;Venda de mercadoria adquirida ou recebid
6118;Venda de produção do estabelecimento ent
6119;Venda de mercadoria adquirida ou recebid
6120;Venda de mercadoria adquirida ou recebid
6122;Venda de produção do estabelecimento rem
6123;Venda de mercadoria adquirida ou recebid
6124;Industrialização efetuada para outra emp
6125;Industrialização efetuada para outra emp
6151;Transferência de produção do estabelecim
6152;Transferência de mercadoria adquirida ou
6153;Transferência de energia elétrica
6155;Transferência de produção do estabelecim
6156;Transferência de mercadoria adquirida ou
6201;Devolução de compra para industrializaçã
6202;Devolução de compra para comercialização
6205;Anulação de valor relativo a aquisição d
6206;Anulação de valor relativo a aquisição d
6207;Anulação de valor relativo à compra de e
6208;Devolução de mercadoria recebida em tran
6209;Devolução de mercadoria recebida em tran
6210;Devolução de compra para utilização na p
6251;Venda de energia elétrica para distribui
6252;Venda de energia elétrica para estabelec
6253;Venda de energia elétrica para estabelec
6254;Venda de energia elétrica para estabelec
6255;Venda de energia elétrica para estabelec
6256;Venda de energia elétrica para estabelec
6257;Venda de energia elétrica para consumo p
6258;Venda de energia elétrica a não contribu
6301;Prestação de serviço de comunicação para
6302;Prestação de serviço de comunicação a es
6303;Prestação de serviço de comunicação a es
6304;Prestação de serviço de comunicação a es
6305;Prestação de serviço de comunicação a es
6306;Prestação de serviço de comunicação a es
6307;Prestação de serviço de comunicação a nã
6351;Prestação de serviço de transporte para
6352;Prestação de serviço de transporte a est
6353;Prestação de serviço de transporte a est
6354;Prestação de serviço de transporte a est
6355;Prestação de serviço de transporte a est
6356;Prestação de serviço de transporte a est
6357;Prestação de serviço de transporte a não
6359;Prestação de serviço de transporte a con
6401;Venda de produção do estabelecimento em
6402;Venda de produção do estabelecimento de
6403;Venda de mercadoria adquirida ou recebid
6404;Venda de mercadoria sujeita ao regime de
6408;Transferência de produção do estabelecim
6409;Transferência de mercadoria adquirida ou
6410;Devolução de compra para industrializaçã
6411;Devolução de compra para comercialização
6412;Devolução de bem do ativo imobilizado, e
6413;Devolução de mercadoria destinada ao uso
6414;Remessa de produção do estabelecimento p
6415;Remessa de mercadoria adquirida ou receb
6501;Remessa de produção do estabelecimento,
6502;Remessa de mercadoria adquirida ou receb
6503;Devolução de mercadoria recebida com fim
6551;Venda de bem do ativo imobilizado
6552;Transferência de bem do ativo imobilizad
6553;Devolução de compra de bem para o ativo
6554;Remessa de bem do ativo imobilizado para
6555;Devolução de bem do ativo imobilizado de
6556;Devolução de compra de material de uso o
6557;Transferência de material de uso ou cons
6603;Ressarcimento de ICMS retido por substit
6651;Venda de combustível ou lubrificante de
6652;Venda de combustível ou lubrificante de
6653;Venda de combustível ou lubrificante de
6654;Venda de combustível ou lubrificante adq
6655;Venda de combustível ou lubrificante adq
6656;Venda de combustível ou lubrificante adq
6657;Remessa de combustível ou lubrificante a
6658;Transferência de combustível ou lubrific
6659;Transferência de combustível ou lubrific
6660;Devolução de compra de combustível ou lu
6661;Devolução de compra de combustível ou lu
6662;Devolução de compra de combustível ou lu
6663;Remessa para armazenagem de combustível
6664;Retorno de combustível ou lubrificante r
6665;Retorno simbólico de combustível ou lubr
6666;Remessa por conta e ordem de terceiros d
6901;Remessa para industrialização por encome
6902;Retorno de mercadoria utilizada na indus
6903;Retorno de mercadoria recebida para indu
6904;Remessa para venda fora do estabelecimen
6905;Remessa para depósito fechado ou armazém
6906;Retorno de mercadoria depositada em depó
6907;Retorno simbólico de mercadoria deposita
6908;Remessa de bem por conta de contrato de
6909;Retorno de bem recebido por conta de con
6910;Remessa em bonificação, doação ou brinde
6911;Remessa de amostra grátis
6912;Remessa de mercadoria ou bem para demons
6913;Retorno de mercadoria ou bem recebido pa
6914;Remessa de mercadoria ou bem para exposi
6915;Remessa de mercadoria ou bem para conser
6916;Retorno de mercadoria ou bem recebido pa
6917;Remessa de mercadoria em consignação mer
6918;Devolução de mercadoria recebida em cons
6919;Devolução simbólica de mercadoria vendid
6920;Remessa de vasilhame ou sacaria
6921;Devolução de vasilhame ou sacaria
6922;Lançamento efetuado a título de simples
6923;Remessa de mercadoria por conta e ordem
6924;Remessa para industrialização por conta
6925;Retorno de mercadoria recebida para indu
6929;Lançamento efetuado em decorrência de em
6932;Prestação de serviço de transporte inici
6933;Prestação de serviço tributado pelo ISSQ
6949;Outra saída de mercadoria ou prestação d
7000;SAÍDAS OU PRESTAÇÕES DE SERVIÇOS PARA O
7101;Venda de produção do estabelecimento
7102;Venda de mercadoria adquirida ou recebid
7105;Venda de produção do estabelecimento, qu
7106;Venda de mercadoria adquirida ou recebid
7127;Venda de produção do estabelecimento sob
7201;Devolução de compra para industrializaçã
7202;Devolução de compra para comercialização
7205;Anulação de valor relativo à aquisição d
7206;Anulação de valor relativo a aquisição d
7207;Anulação de valor relativo à compra de e
7210;Devolução de compra para utilização na p
7211;Devolução de compras para industrializaç
7251;Venda de energia elétrica para o exterio
7301;Prestação de serviço de comunicação para
7358;Prestação de serviço de transporte
7501;Exportação de mercadorias recebidas com
7551;Venda de bem do ativo imobilizado
7553;Devolução de compra de bem para o ativo
7556;Devolução de compra de material de uso o
7651;Venda de combustível ou lubrificante de
7654;Venda de combustível ou lubrificante adq
7930;Lançamento efetuado a título de devoluçã
7949;Outra saída de mercadoria ou prestação d
1100;COMPRAS PARA INDUSTRIALIZAÇÃO, COMERCIAL
1150;TRANSFERÊNCIAS PARA INDUSTRIALIZAÇÃO, CO
1200;DEVOLUÇÕES DE VENDAS DE PRODUÇÃO PRÓPRIA
1250;COMPRAS DE ENERGIA ELÉTRICA
1300;AQUISIÇÕES DE SERVIÇOS DE COMUNICAÇÃO
1350;AQUISIÇÕES DE SERVIÇOS DE TRANSPORTE
1400;ENTRADAS DE MERCADORIAS SUJEITAS AO REGI
1450;SISTEMAS DE INTEGRAÇÃO
1500;ENTRADAS DE MERCADORIAS REMETIDAS COM FI
1550;OPERAÇÕES COM BENS DE ATIVO IMOBILIZADO
1600;CRÉDITOS E RESSARCIMENTOS DE ICMS
1650;ENTRADAS DE COMBUSTÍVEIS, DERIVADOS OU N
1900;OUTRAS ENTRADAS DE MERCADORIAS OU AQUISI
2100;COMPRAS PARA INDUSTRIALIZAÇÃO, COMERCIAL
2150;TRANSFERÊNCIAS PARA INDUSTRIALIZAÇÃO, CO
2200;DEVOLUÇÕES DE VENDAS DE PRODUÇÃO PRÓPRIA
2250;COMPRAS DE ENERGIA ELÉTRICA
2300;AQUISIÇÕES DE SERVIÇOS DE COMUNICAÇÃO
2350;AQUISIÇÕES DE SERVIÇOS DE TRANSPORTE
2400;ENTRADAS DE MERCADORIAS SUJEITAS AO REGI
2500;ENTRADAS DE MERCADORIAS REMETIDAS COM FI
2550;OPERAÇÕES COM BENS DE ATIVO IMOBILIZADO
2600;CRÉDITOS E RESSARCIMENTOS DE ICMS
2650;ENTRADAS DE COMBUSTÍVEIS, DERIVADOS OU N
2900;OUTRAS ENTRADAS DE MERCADORIAS OU AQUISI
3100;COMPRAS PARA INDUSTRIALIZAÇÃO, COMERCIAL
3200;DEVOLUÇÕES DE VENDAS DE PRODUÇÃO PRÓPRIA
3250;COMPRAS DE ENERGIA ELÉTRICA
3300;AQUISIÇÕES DE SERVIÇOS DE COMUNICAÇÃO
3350;AQUISIÇÕES DE SERVIÇOS DE TRANSPORTE
3500;ENTRADAS DE MERCADORIAS REMETIDAS COM FI
3550;OPERAÇÕES COM BENS DE ATIVO IMOBILIZADO
3650;ENTRADAS DE COMBUSTÍVEIS, DERIVADOS OU N
3900;OUTRAS ENTRADAS DE MERCADORIAS OU AQUISI
5100;VENDAS DE PRODUÇÃO PRÓPRIA OU DE TERCEIR
5150;TRANSFERÊNCIAS DE PRODUÇÃO PRÓPRIA OU DE
5200;DEVOLUÇÕES DE COMPRAS PARA INDUSTRIALIZA
5250;VENDAS DE ENERGIA ELÉTRICA
5300;PRESTAÇÕES DE SERVIÇOS DE COMUNICAÇÃO
5350;PRESTAÇÕES DE SERVIÇOS DE TRANSPORTE
5400;SAÍDAS DE MERCADORIAS SUJEITAS AO REGIME
5450;SISTEMAS DE INTEGRAÇÃO
5500;REMESSAS COM FIM ESPECÍFICO DE EXPORTAÇÃ
5550;OPERAÇÕES COM BENS DE ATIVO IMOBILIZADO
5600;CRÉDITOS E RESSARCIMENTOS DE ICMS
5650;SAÍDAS DE COMBUSTÍVEIS, DERIVADOS OU NÃO
5900;OUTRAS SAÍDAS DE MERCADORIAS OU PRESTAÇÕ
6100;VENDAS DE PRODUÇÃO PRÓPRIA OU DE TERCEIR
6150;TRANSFERÊNCIAS DE PRODUÇÃO PRÓPRIA OU DE
6200;DEVOLUÇÕES DE COMPRAS PARA INDUSTRIALIZA
6250;VENDAS DE ENERGIA ELÉTRICA
6300;PRESTAÇÕES DE SERVIÇOS DE COMUNICAÇÃO
6350;PRESTAÇÕES DE SERVIÇOS DE TRANSPORTE
6400;SAÍDAS DE MERCADORIAS SUJEITAS AO REGIME
6500;REMESSAS COM FIM ESPECÍFICO DE EXPORTAÇÃ
6550;OPERAÇÕES COM BENS DE ATIVO IMOBILIZADO
6600;CRÉDITOS E RESSARCIMENTOS DE ICMS
6650;SAÍDAS DE COMBUSTÍVEIS, DERIVADOS OU NÃO
6900;OUTRAS SAÍDAS DE MERCADORIAS OU PRESTAÇÕ
7100;VENDAS DE PRODUÇÃO PRÓPRIA OU DE TERCEIR
7200;DEVOLUÇÕES DE COMPRAS PARA INDUSTRIALIZA
7250;VENDAS DE ENERGIA ELÉTRICA
7300;PRESTAÇÕES DE SERVIÇOS DE COMUNICAÇÃO
7350;PRESTAÇÕES DE SERVIÇO DE TRANSPORTE
7500;EXPORTAÇÃO DE MERCADORIAS RECEBIDAS COM
7550;OPERAÇÕES COM BENS DE ATIVO IMOBILIZADO
7650;SAÍDAS DE COMBUSTÍVEIS, DERIVADOS OU NÃO
7900;OUTRAS SAÍDAS DE MERCADORIAS OU PRESTAÇÕ
1000;ENTRADAS OU AQUISIÇÕES DE SERVIÇOS DO ES
5902;Retorno de mercadoria utilizada na indus
5667;Venda de combustível ou lubrificante
1934;Entrada simbólica de mercadoria
2934;Entrada simbólica de mercadoria
5934;Remessa simbólica de mercadoria
6934;Remessa simbólica de mercadoria
1128;Comercialização ou prestação de serviços
1360;Aquisições de Serviços de Transporte
1505;Entradas de mercadorias remetidas para formação de lote ou c
1506;Entradas de mercadorias remetidas para formação de lote ou c
1931;Outras entradas de mercadorias ou aquisições de serviços
2505;Entradas de mercadorias remetidas para formação de lote ou c
2506;Entradas de mercadorias remetidas para formação de lote ou c
2931;Aquisições de serviços de transporte
5360;Prestações de serviços de transporte
5504;Remessas para formação de lote e com fim específico de expor
5505;Remessas para formação de lote e com fim específico de expor
5606;Créditos e ressarcimentos de icms
5931;Outras saídas de mercadorias ou prestações de serviços
6504;Remessas para formação de lote e com fim específico de expor
6505;Remessas para formação de lote e com fim específico de expor
6931;Outras saídas de mercadorias ou prestações de serviços
